"-0.29568392","-1.2587515","-0.41838676"
"-0.80804306","-0.9780314","-0.9391256"
"-1.270124","-0.24540567","-6.153697"
"-0.3513491","6.7959414","-9.233239"
"-3.347094","19.612701","-1.3293805"
"-4.307169","15.52939","-7.877522"
"-4.197634","19.612701","-11.814188"
"-1.9416976","19.612701","-6.877943"
"0.8475474","19.612701","-2.8443117"
"1.3700819","19.041086","-4.7740383"
"0.6512229","16.579248","-4.3448777"
"1.8022354","15.427637","-3.1070752"
"2.4127567","12.923303","-0.7835025"
"1.8956091","6.323685","-1.9674352"
"-0.99179804","0.7009025","-2.6964695"
"-2.7766755","-2.3169887","-1.4544775"
"-3.0388405","-4.293402","0.6314707"
"-4.620809","-6.627749","0.8924387"
"-2.2625206","-3.4614172","-1.6825253"
"0.88765025","1.917157","-3.0250738"
"1.2282255","4.624999","-2.4510639"
"0.047285482","5.092467","-1.4221559"
"1.520318","2.7790697","-7.529764"
"-0.14903906","7.8236527","-14.099454"
"1.525705","19.612701","-6.481104"
"6.529587","19.612701","-2.1691468"
"0.4890157","19.612701","-3.5775359"
"-1.2749124","19.612701","-3.117849"
"0.3890578","19.612701","-1.2030864"
"-1.4095862","19.05964","2.1787236"
"-2.9771898","17.253815","0.623091"
"-5.479729","16.238075","-3.3369186"
"-3.7523127","10.557831","-5.21517"
"-0.641646","4.4873323","-4.0557775"
"-0.0011971008","0.22625206","-3.0131028"
"2.2415714","-3.472191","-2.8592753"
"3.4302924","-6.0836663","-2.7497406"
"2.0398598","-2.517503","-1.3611037"
"-0.34715924","-0.014963761","-0.82899237"
"-5.985504E-4","1.5867572","-1.5113398"
"-0.41718966","0.8331822","-2.2589293"
"-2.273893","-0.92416185","-10.378265"
"-1.6741456","10.027515","-13.730148"
"-9.494805","19.612701","-1.0893618"
"-3.0292637","19.612701","-10.344747"
"2.8413188","19.612701","-11.680712"
"-1.5472529","19.297865","-1.9387048"
"-1.4772224","16.564285","0.6817489"
"1.2378023","16.813282","-1.2264298"
"3.5966895","15.146917","-1.9470845"
"2.2888567","7.8769236","-3.0442274"
"-0.8499416","1.3916297","-4.472967"
"-3.120842","-3.198055","-2.7018566"
"-3.2243912","-4.55856","0.86849666"
"-3.7666779","-6.4840965","1.3215994"
"-0.92296475","-2.8365304","-2.6150668"
"0.49559975","1.4718355","-3.6002808"
"0.08619126","5.131373","-1.7375919"
"-1.352724","5.300164","0.2136825"
"0.85772276","1.91596","-5.891532"
"0.86251116","7.273585","-14.329896"
"2.3959973","19.19611","-9.002797"
"8.529344","19.612701","-2.6551697"
"0.6793547","19.612701","-3.6098576"
"-1.3102269","19.612701","-4.250905"
"-0.6817489","18.790293","-2.9430726"
"-1.5957354","18.181568","4.175488"
"-3.9594111","17.885284","-0.0676362"
"-4.223372","12.71381","-5.849035"
"-0.90740246","6.980295","-4.626795"
"0.17417817","2.3157916","-2.3139958"
"0.7020996","-3.1974564","-1.8237832"
"2.8550856","-7.7386584","-3.3782187"
"3.2142158","-5.3606176","-4.283227"
"1.401805","-0.31783026","-2.8622682"
"0.5033809","2.629432","-1.5131354"
"1.8680758","4.11683","-0.74878657"
"0.13587095","0.39743748","-2.5594015"
"-0.5793968","-0.5710171","-18.29649"
"-8.228871","15.179837","-13.163919"
"-13.644555","19.612701","-6.221333"
"2.1769278","19.612701","-13.673884"
"5.5587378","18.972252","-6.8168907"
"-0.7368156","16.151884","-0.32441434"
"0.0676362","15.242086","0.6811504"
"1.2755109","16.148293","-0.74758947"
"0.70509243","11.450869","-1.7034745"
"-0.6715736","3.1507695","-2.8568811"
"-2.7401638","-3.0615854","-3.7762547"
"-3.989937","-6.029797","-1.283292"
"-5.171476","-6.0303955","3.9618053"
"-3.4793737","-4.5286326","1.3323733"
"0.4237737","1.0809821","-4.759673"
"2.0602105","5.45459","-3.2363622"
"0.25498247","5.4647655","-3.210026"
"2.135628","4.5872903","-13.116634"
"1.5023615","19.612701","-9.279327"
"7.4124484","19.612701","-5.7903767"
"-2.1829133","19.564219","-7.9607205"
"-3.50152","19.612701","-0.5267244"
"0.7517793","17.654245","-1.3192052"
"3.8660371","15.039777","-0.6889315"
"-0.3321955","18.686745","-0.5255273"
"-4.408324","15.909471","-4.156334"
"-4.0761285","10.412383","-5.0721164"
"-1.903989","5.273828","-2.3409307"
"-0.88944596","0.87927055","-0.7906851"
"1.043872","-3.4099417","-2.0488381"
"3.9707835","-7.86615","-3.139397"
"4.0857053","-3.383007","-3.3028011"
"0.98700964","1.0516531","-1.7459716"
"0.3345897","3.989937","-0.79607207"
"0.919972","3.8115692","-0.6907272"
"-0.9720459","-0.16639702","-5.2887917"
"-1.2814964","0.30825347","-17.897856"
"-12.182896","19.612701","-4.435259"
"-8.902241","19.612701","-12.109872"
"8.5622635","19.612701","-15.648502"
"1.050456","18.880674","-3.0160956"
"-2.0284874","14.809335","1.6639702"
"-0.5021838","15.200188","0.47764325"
"0.8230068","14.469358","0.051475335"
"0.2873042","5.7628436","-2.1751323"
"-1.6950948","-0.5291186","-3.098097"
"-2.5240872","-4.7896004","-1.3628993"
"-2.0290859","-5.964555","1.8471266"
"-3.469797","-6.4308257","1.8189948"
"-1.4383167","-1.3736732","-2.4702177"
"-0.7769185","5.21098","-4.414908"
"-2.8658595","7.8050976","-1.8734628"
"-1.0684125","4.040814","-5.285799"
"2.191293","4.4927197","-16.137518"
"2.7287915","19.612701","-8.404845"
"10.039486","19.612701","-1.6861166"
"-2.8856115","19.612701","-6.4523735"
"-2.4139538","19.612701","-3.2974143"
"1.3754689","18.103756","-3.3704374"
"2.0667946","16.798317","0.91578215"
"-1.1432313","16.240469","1.1198878"
"-4.020463","12.09012","-4.156334"
"-2.011728","6.9904704","-4.899135"
"-0.34596214","4.0306387","-1.9506758"
"-0.25977087","-1.3000516","0.8523358"
"1.3856442","-7.3430166","-1.6759412"
"3.6780925","-8.90643","-5.0882773"
"1.922544","-0.6865373","-5.559935"
"1.4466964","3.043629","-2.7150247"
"3.3716345","6.2063694","0.4985925"
"0.98700964","1.8309658","-1.8680758"
"0.54049104","-1.1887212","-18.956093"
"-9.734225","19.612701","-9.968858"
"-13.809755","19.612701","-8.180987"
"7.7829514","19.612701","-14.693215"
"2.9179332","19.025524","-4.164714"
"-2.9472623","15.524602","0.19512744"
"-0.10115502","14.748881","0.12150574"
"2.1511903","14.339473","-1.115698"
"1.9375077","8.2037325","-1.7603368"
"-0.22385786","0.9864111","-3.039439"
"-3.5404258","-4.07134","-1.7675194"
"-6.2219315","-6.600814","-0.22026655"
"-6.818088","-8.369531","0.6805518"
"-0.8702923","-2.731784","-3.9875429"
"2.7180176","3.888782","-3.8151605"
"0.9816227","7.888296","-0.37948096"
"-2.3056161","7.0808516","2.0859482"
"0.34955344","1.9740193","-7.635708"
"0.7410054","7.5932107","-17.42919"
"5.517438","19.612701","-5.6102133"
"7.4848733","19.612701","-3.4117374"
"-3.2794578","19.612701","-4.1276035"
"-1.8525136","19.612701","-0.3393781"
"2.4540567","16.984467","1.6938977"
"2.498948","17.6321","2.9502552"
"-1.3042414","17.197552","-1.8357542"
"-5.3025584","13.11424","-6.591836"
"-2.8814218","4.361038","-7.969699"
"1.5119383","1.7477672","-2.1972785"
"1.9267339","-1.7070658","0.4950012"
"2.9777884","-5.7305217","-1.4748282"
"3.6062663","-5.303157","-2.7766755"
"1.086369","-0.17956513","-2.504335"
"-1.435324","1.7130513","-1.4215573"
"-0.55844754","3.5260606","-1.2737153"
"-1.7962499","1.5095441","-3.3267434"
"-0.78888947","3.015497","-16.299126"
"-10.129269","19.612701","-5.3779755"
"-5.6856303","19.612701","-15.435418"
"7.8972745","19.612701","-11.421539"
"1.323395","17.079636","-1.7238252"
"-2.243367","15.239094","0.59974754"
"-0.7326257","14.616003","-0.27234045"
"1.1139023","13.043611","-1.3874398"
"0.20051439","5.9543796","-1.4520833"
"-1.0079589","-0.6913257","-2.6850972"
"-1.7304093","-4.1066546","-0.8619126"
"-2.497751","-5.8466406","0.8439561"
"-3.8606503","-7.4615297","-0.1388637"
"-0.7020996","-2.1266496","-4.1814733"
"-0.25617957","5.4474072","-3.5607765"
"-3.0298622","8.879496","0.24420857"
"-2.790442","5.685032","-2.6312277"
"1.9979613","2.731784","-17.799093"
"5.2397103","19.612701","-9.002198"
"12.660539","19.612701","-3.7074213"
"-4.2796354","19.612701","-7.678205"
"-5.0960584","19.612701","-4.559159"
"0.320823","17.432781","-0.09636662"
"1.1061212","14.671668","3.9522285"
"-2.1452048","14.01027","-0.45789108"
"-2.9376855","11.390414","-5.639542"
"-0.15382746","5.209783","-6.191406"
"0.62249243","1.4891934","-1.4838065"
"1.1893197","-2.920926","-0.6464345"
"3.7217865","-9.126697","-2.697667"
"2.517503","-5.1265845","-3.8833952"
"0.7667431","-0.20171149","-4.1383777"
"0.7206547","2.5366566","-2.5504234"
"1.2006922","5.4264584","-1.2497733"
"-1.0648212","1.0528502","-4.697424"
"-1.0516531","0.52373165","-18.983027"
"-11.608287","19.612701","-6.0262055"
"-7.2448545","19.612701","-12.392388"
"7.723695","19.612701","-12.44925"
"-0.46567222","18.459894","-1.5280992"
"-2.991555","14.58009","1.1881226"
"0.3842694","14.161104","-0.41060558"
"3.3051953","12.755708","-1.508347"
"1.292869","5.2157683","-2.1481974"
"-0.7673417","-0.24361002","-3.3381157"
"-3.7205894","-3.9121256","-0.8846575"
"-5.6700683","-6.0208187","0.39264908"
"-5.8454432","-7.0952168","-0.40402153"
"-1.1019313","-1.8914193","-5.286996"
"2.5073278","3.9438488","-3.0735564"
"-0.108337626","7.3005195","0.51954174"
"-1.9626468","5.510854","-0.46567222"
"0.8559271","1.785476","-12.159552"
"2.9119477","11.097125","-15.103822"
"8.311471","19.612701","-4.994903"
"2.2523453","19.612701","-4.5298295"
"-4.6776714","19.612701","-3.7852328"
"-3.1423898","19.612701","-1.1312603"
"-0.39564183","17.096994","3.1902738"
"-2.2122424","16.09921","2.9418752"
"-4.39336","12.713211","-4.1102457"
"-2.3642743","5.5324016","-7.1227503"
"0.14185645","3.6888664","-6.1782374"
"2.654571","-0.39264908","-2.171541"
"5.3300915","-5.884948","-1.1528081"
"5.5389857","-7.8452005","-3.3506854"
"1.0163386","-1.8543092","-4.0276456"
"-1.0390835","0.83737206","-2.7006595"
"0.3238158","4.669292","-0.66498953"
"-0.8283938","4.028843","0.11971009"
"-2.4079683","-0.31124622","-15.075091"
"-10.083779","15.617976","-15.457564"
"-9.600749","19.612701","-9.534908"
"8.962694","19.612701","-16.042948"
"2.6994624","15.986683","-3.13401"
"-4.325724","12.767679","1.775899"
"-1.5340848","14.908095","-0.16280572"
"1.4532804","17.40046","0.18914193"
"2.0039468","8.750209","-1.0265139"
"-0.26874915","-0.07062895","-3.1920695"
"-1.4808137","-3.74094","-3.3033998"
"-2.6821043","-5.9226565","-0.13826515"
"-3.602675","-8.18398","2.2301989"
"-2.6372132","-5.310938","-1.0923545"
"-0.830788","0.9475053","-6.8342485"
"0.7433996","6.8132997","-5.1517234"
"-0.3633201","8.329428","-1.4574703"
"0.12689269","3.301604","0.05805939"
"3.608062","-1.1534066","-8.161235"
"3.3435028","14.549563","-17.939753"
"11.255142","19.612701","-8.517971"
"-2.4121583","19.612701","-2.9203274"
"-12.203845","19.612701","-4.4999022"
"-2.6779146","15.251065","1.9979613"
"1.8088194","13.889961","5.393538"
"-0.15083471","15.564705","2.4390929"
"-1.5029601","11.19828","-4.8255134"
"-1.1701661","5.0667295","-6.9916677"
"-0.6183026","1.8890251","-4.859032"
"1.6340426","-2.1242554","-3.4757824"
"4.703409","-7.253833","-3.198055"
"4.3023806","-5.093664","-2.7114334"
"0.8098387","-0.8936358","-1.1641805"
"0.492607","1.8058267","-1.9644425"
"0.28790274","2.8754363","-3.430891"
"-0.4878186","1.869273","-10.710462"
"-7.431602","15.195998","-10.692505"
"-8.99741","19.612701","-11.639412"
"1.6801311","19.612701","-10.94629"
"2.297835","17.194557","-3.7822402"
"-3.5272577","14.176667","-2.3475149"
"-1.887828","13.417107","-0.6793547"
"2.0284874","15.588647","-2.2577322"
"2.5330653","10.969035","-1.0097545"
"0.6793547","3.1202433","-1.2449849"
"-1.7621324","-2.4199393","-2.2415714"
"-3.7020345","-5.4049106","-1.3036429"
"-5.3821654","-7.4866686","0.8182184"
"-3.6750996","-4.634576","-1.6406267"
"-1.4095862","0.91099375","-5.2444987"
"1.3018472","5.8412538","-2.2188265"
"0.090381116","6.767211","1.1587936"
"1.371279","2.4839842","-3.235165"
"2.1080947","2.5372553","-19.6133"
"4.445434","19.612701","-10.547656"
"8.497621","19.612701","-1.7555484"
"-3.304597","19.612701","-8.038532"
"-7.924209","19.612701","-2.3612814"
"-1.1204864","17.250822","1.2910733"
"-0.15322891","16.550518","4.283227"
"-3.3321302","17.918804","-1.1701661"
"-1.5951369","11.238981","-6.758233"
"0.50757074","4.9583917","-6.2243257"
"1.1569979","1.7004818","-3.3117795"
"2.4133554","-2.5582044","-2.4600422"
"5.281609","-8.231265","-2.4528596"
"2.9879637","-5.233126","-2.047641"
"0.63206923","-0.94092125","-4.280234"
"0.17597382","0.97862995","-3.1974564"
"0.51475334","3.4159272","-0.85652566"
"-0.64942724","0.6536171","-2.9346926"
"0.58777654","0.54288524","-16.445173"
"-11.040262","19.612701","-8.330625"
"-10.286688","19.612701","-12.7730665"
"5.554548","19.612701","-9.303269"
"2.6922798","15.66586","-0.5895722"
"0.8182184","14.796166","1.7142484"
"3.3303347","16.428413","-0.27952304"
"3.0376434","14.963162","-1.7489643"
"-0.02932897","6.2967505","-3.0579941"
"-2.544438","-0.3812766","-4.5723267"
"-4.063559","-4.8320975","-2.2008698"
"-4.614824","-6.1943984","0.37110126"
"-4.7399206","-6.889914","1.8429368"
"-1.2862848","-2.2230163","-2.8413188"
"0.96067345","3.8989575","-2.574964"
"-0.5590461","6.3829417","-1.4341269"
"0.7009025","4.2317514","-6.297349"
"1.6741456","11.259332","-12.954427"
"-2.336741","19.612701","-8.851364"
"2.086547","17.299305","-6.896498"
"-1.2563573","17.665617","-3.3919852"
"-0.50517654","19.612701","0.30406362"
"4.5286326","19.612701","-2.2786815"
"0.8655039","19.612701","-0.6003461"
"-3.7044287","19.29966","-1.2838906"
"-6.2847795","13.74571","-2.0488381"
"-3.7696705","7.5668745","-3.0466216"
"-0.7290344","3.9707835","-2.5288756"
"1.0115502","0.75716627","-2.1637597"
"2.457648","-3.2483332","-4.3101616"
"6.071097","-6.950966","-5.04578"
"3.4356794","-1.4089876","-2.319383"
"1.2844892","0.9660604","-0.74998367"
"0.48362875","3.0921116","-0.04309563"
"0.5943606","3.5350387","0.30526072"
"-1.4999673","-0.7835025","-9.294291"
"-7.0126166","4.6285906","-18.037317"
"-13.822325","19.612701","-8.98484"
"-1.6903064","19.612701","-15.190013"
"8.403648","19.612701","-7.5680714"
"0.12210429","14.841058","0.58298814"
"-0.30945057","13.635577","0.92176765"
"-0.049081136","15.826272","-0.035913024"
"-0.22266077","12.974179","-1.6490064"
"-1.7292122","3.8947675","-2.7096379"
"-1.7549498","-2.0147207","-4.413112"
"-2.8772318","-4.999093","-1.2354081"
"-2.779668","-4.9841294","2.7850552"
"-2.996942","-3.5703533","1.1899183"
"-1.6675615","-0.4321534","-3.1962593"
"-0.04189853","4.2024226","-3.6230257"
"-1.9093759","6.6744356","-1.0217255"
"-1.009156","3.2034419","-3.3464954"
"1.7962499","1.8746599","-15.7736"
"3.940856","18.925566","-9.903017"
"11.424532","19.612701","-2.3630772"
"-1.389834","19.612701","-7.949947"
"-4.59567","19.612701","-4.759074"
"-1.4167689","19.612701","-2.782661"
"-0.7398083","16.72709","6.498462"
"-3.5194764","15.124172","2.6126726"
"-2.558803","11.3964","-5.378574"
"-0.5189432","7.2179193","-5.0236335"
"0.55246204","1.8644845","-3.1070752"
"2.4355016","-2.621651","-2.8712463"
"4.478953","-7.4202294","-4.546589"
"2.7395654","-4.8225207","-4.6722846"
"0.7398083","-1.2084733","-1.6885108"
"0.7134721","2.1589713","-0.6015432"
"0.24600422","3.0065188","-0.6769605"
"-1.0432734","-0.46327803","-11.435306"
"-4.791396","7.237672","-14.117411"
"-12.105682","19.612701","-4.4286747"
"-2.2080526","19.612701","-13.88637"
"7.392098","19.612701","-8.908825"
"1.6065093","17.129316","-0.48722005"
"1.6316484","17.356167","0.97862995"
"3.1794999","18.15643","-1.2838906"
"1.3946224","12.664728","-2.1918917"
"-1.0295067","4.298789","-3.12982"
"-3.0370448","-1.4185646","-3.9803603"
"-4.759074","-3.7672763","-0.7835025"
"-4.619014","-5.7083755","0.89423436"
"-3.594894","-5.61141","-0.88944596"
"-1.0905589","-0.61890113","-4.279037"
"-0.12988544","4.1922474","-2.195483"
"-1.4239515","6.4739213","1.3617022"
"-1.3461399","2.7593174","0.10654198"
"1.7962499","0.92296475","-13.230957"
"5.7658362","16.2273","-14.729129"
"10.651803","19.612701","-5.7335143"
"3.3039982","19.612701","-4.923077"
"-8.487445","19.612701","-3.2609026"
"-2.0015526","17.161638","-1.9117701"
"2.682703","13.829508","5.872977"
"-1.0259154","16.757616","2.8580782"
"-4.1012673","14.89792","-4.4993033"
"-1.6256629","8.242638","-6.0381765"
"0.7751228","3.876811","-4.019266"
"0.99060094","-0.21906945","-1.4838065"
"2.3588872","-5.370793","-2.5366566"
"2.843713","-6.3063273","-4.0318356"
"1.4490906","-1.8303672","-3.0220811"
"0.5267244","0.038905777","-0.79008657"
"1.70946","2.2254105","0.010175358"
"0.7062895","0.9900024","-0.6997054"
"-0.28790274","-1.738789","-13.433866"
"-9.845556","11.084556","-17.842789"
"-15.402498","19.612701","-6.2105594"
"1.6334441","19.612701","-16.730682"
"8.237251","18.181568","-2.7144263"
"0.7858967","14.343064","1.4616601"
"-0.29448682","16.751032","0.45310268"
"0.21068975","18.283321","-1.1671734"
"0.9672575","14.214974","-2.2152352"
"-1.0265139","5.6856303","-2.2098482"
"-1.9776106","-1.7052702","-5.270835"
"-3.0663738","-5.605425","-2.754529"
"-3.570952","-6.3619924","-0.34476504"
"-3.1256304","-4.189853","1.6041151"
"-1.4532804","-0.83018947","-1.7226281"
"0.11372458","3.108871","-1.4634558"
"-0.53570265","6.033987","-0.12988544"
"-0.62608373","3.0825348","-2.6593595"
"2.2331917","3.2740707","-13.162124"
"3.6703112","19.612701","-8.230667"
"12.3115835","19.612701","-7.0904284"
"-3.383007","19.612701","-9.144054"
"-4.1635165","19.612701","-0.89603"
"1.5717934","17.16523","0.076614454"
"3.7906199","14.750078","3.5673606"
"-0.47165772","16.01721","0.45190558"
"-3.4368765","15.14991","-3.846285"
"-2.0751743","8.641871","-4.572925"
"-1.7633295","2.4091654","-2.9017725"
"-1.4682442","-2.1206641","-2.0769699"
"2.3469162","-8.173206","-3.8971617"
"2.6222494","-5.6509147","-4.490924"
"1.103727","-1.1414356","-1.8716671"
"1.0187328","0.76554596","-0.078410104"
"1.4287399","0.87089086","-2.6581624"
"0.4429273","0.8499416","-13.311163"
"-7.15567","15.7323","-9.986216"
"-9.980229","19.612701","-10.24419"
"0.6703765","19.612701","-12.834118"
"4.703409","17.192762","-5.2852"
"-1.3443443","16.643293","-0.62249243"
"-0.54527944","16.576256","-1.5897499"
"1.8118122","16.461334","-2.2661119"
"2.1068976","12.053609","-2.2583308"
"0.6398504","5.0661306","-2.0691888"
"-1.4036007","-1.1234791","-2.819771"
"-3.3848026","-4.6764746","-0.5781997"
"-4.445434","-6.0627174","0.90859956"
"-4.1174283","-4.830302","-0.43754035"
"-1.9692309","-0.08259996","-3.4374752"
"-0.45010993","4.9386396","-2.8874073"
"-0.23523031","6.223727","-1.8830396"
"2.6641479","3.1070752","-9.157223"
"4.1695023","19.612701","-14.750677"
"8.947132","19.612701","-9.988011"
"2.5234885","16.385319","-4.119224"
"-2.9759927","19.612701","-3.0603883"
"-3.165733","19.612701","0.28311434"
"1.8255788","15.865776","0.17657238"
"-0.22146365","17.034147","3.0262709"
"-4.465186","17.471687","-0.9427169"
"-3.2722752","11.580155","-5.0320134"
"-1.1456255","6.7372837","-2.7874494"
"-0.8762778","1.8387469","-2.6521769"
"1.673547","-2.735974","-4.9254713"
"3.762488","-6.3697734","-5.57849"
"3.9097314","-2.7856536","-3.5051112"
"2.247557","-0.1328782","0.1436521"
"1.7908629","1.8501194","0.60573304"
"0.88765025","1.5574282","-0.81043726"
"-1.2665327","-1.887828","-11.613075"
"-8.978256","5.13257","-16.245256"
"-15.677832","19.612701","-3.2740707"
"-2.0093338","19.612701","-15.038579"
"9.009381","19.612701","-9.952098"
"0.16460137","15.395914","-0.05327099"
"-0.6751649","15.571289","2.0039468"
"1.1264719","19.612701","-0.39264908"
"0.9588778","14.842854","-1.46585"
"-0.046686932","4.5801077","-4.4603977"
"-1.9141643","-1.6011224","-4.6776714"
"-1.620276","-3.8187518","-1.62686"
"-2.0799627","-5.635352","1.1839328"
"-3.305794","-5.407305","0.55725044"
"-2.8634653","-0.24420857","-3.1453824"
"-2.0141222","4.074931","-4.2281604"
"-1.6915035","6.2219315","-1.5107412"
"1.5101427","1.963844","-4.927267"
"3.83192","5.197812","-12.591106"
"4.7937903","19.600132","-7.994838"
"12.547413","19.612701","-2.5647886"
"0.7098808","19.612701","-7.00723"
"-6.217742","19.612701","-1.678934"
"-1.186327","16.096218","-0.8122329"
"1.5927427","13.644555","5.719748"
"-3.0508115","17.132309","1.6585833"
"-4.3263226","13.532028","-4.5316253"
"-1.2743138","7.713519","-6.1806316"
"0.15023616","2.956839","-3.779846"
"0.9056068","-0.81163436","-2.8455088"
"3.5380316","-5.886145","-3.645172"
"3.2555158","-5.1786585","-3.751714"
"1.3162124","-0.86011696","-1.555034"
"0.7769185","0.97144735","-0.05207389"
"0.96546185","1.4131776","-1.4766239"
"0.05267244","0.2825158","-9.86471"
"-6.241684","8.04751","-13.447633"
"-14.621988","19.612701","-7.1383123"
"-4.501099","19.612701","-12.921507"
"7.483676","18.415003","-7.7949224"
"1.6448165","15.86398","-0.59974754"
"1.3204023","16.616358","0.0023942017"
"2.2421699","17.929579","-0.10115502"
"2.0739772","15.01344","-0.56922144"
"-0.24361002","5.66947","-2.7341783"
"-1.1498153","-0.5117606","-4.1066546"
"-2.8532898","-3.6978445","-2.179322"
"-4.419098","-5.4007206","-0.6841431"
"-4.3382936","-4.138976","-0.17836803"
"-1.4915876","-0.26755205","-1.6238673"
"0.66259533","3.128623","-1.4766239"
"-0.009576807","4.4448357","-1.7555484"
"1.4580688","3.1711202","-7.507618"
"0.7942764","14.0629425","-12.82514"
"6.9862804","19.612701","-9.922171"
"6.3787518","17.696144","-3.3506854"
"-0.62488663","19.612701","-4.1317935"
"-2.6761189","19.612701","-1.2611457"
"0.8331822","15.912463","-1.0199299"
"-0.92535895","16.604986","4.1796775"
"-4.642357","17.225084","0.17058687"
"-3.904943","12.361862","-4.5220485"
"-1.0247183","7.579444","-2.532467"
"-0.43873745","2.1871033","-1.9087774"
"1.3060371","-2.1888988","-3.7600937"
"4.238934","-6.331466","-5.183447"
"4.143166","-3.7642837","-2.630629"
"1.7196354","-0.7649474","0.6572084"
"0.53091425","1.5897499","-0.3489549"
"-0.18076223","0.7978677","-4.028843"
"-0.3321955","-1.1282675","-16.170439"
"-11.19409","14.441825","-11.7268"
"-11.914146","19.612701","-10.2735195"
"3.9270895","19.612701","-17.096395"
"7.639898","16.00045","-4.267066"
"1.4568717","13.687651","0.46447513"
"1.0588357","15.544354","-0.17417817"
"2.1655555","17.66083","-1.2078748"
"0.090381116","10.522516","-1.6394296"
"-1.5005659","2.0829554","-3.2908301"
"-2.2511482","-2.5121162","-2.822764"
"-2.802413","-5.080496","-1.0217255"
"-4.5160627","-6.927623","0.9259575"
"-4.6022544","-3.6314054","-1.6819267"
"-2.3026235","2.2319946","-4.6884456"
"-0.45190558","6.7091517","-1.1438298"
"0.08080431","4.984728","0.013766659"
"3.5332432","0.93254155","-9.676167"
"6.39611","17.40046","-14.201806"
"13.077728","19.612701","-8.224682"
"1.9841946","19.612701","-5.2421045"
"-6.3643866","19.612701","-2.765303"
"-5.265448","19.612701","-1.043872"
"0.61890113","14.477139","4.183269"
"-1.423353","16.174627","3.8480806"
"-3.0933087","15.263635","-2.8760347"
"0.048482586","9.878476","-5.7646394"
"0.5518635","4.7070007","-3.3842041"
"0.0077811554","-0.17537527","-2.835932"
"2.7443538","-5.182848","-4.9625816"
"3.9977183","-6.9467764","-4.9182887"
"1.9500773","-2.167351","-1.4640543"
"0.641646","-0.23343466","0.45429978"
"0.7541735","1.049259","-0.9008184"
"-0.18974048","-0.12988544","-7.2622123"
"-2.52289","2.6916811","-14.761451"
"-13.27106","19.612701","-4.203021"
"-8.692149","19.612701","-11.583148"
"5.457583","19.612701","-11.642405"
"2.598906","15.76103","-3.1232362"
"-0.95468795","15.885529","-0.75716627"
"1.7711107","17.100586","-1.3551182"
"4.061165","17.581223","-0.22804771"
"2.1888988","9.797672","-1.543063"
"0.03172317","1.4520833","-3.7762547"
"-2.758719","-2.9658175","-3.3812113"
"-3.9833531","-4.4424415","-1.8183962"
"-4.721366","-5.322909","0.688333"
"-3.2932243","-2.4025815","0.25677812"
"-1.5897499","2.148796","-2.2152352"
"-1.049259","5.6281695","-1.9303252"
"-0.4878186","3.691859","-4.020463"
"1.6519991","3.5218706","-11.739369"
"2.7024553","19.612701","-8.394072"
"12.318767","19.612701","-3.53863"
"2.6635494","19.612701","-6.0770826"
"-0.92535895","19.612701","-1.4909891"
"-1.8662802","19.112314","-0.6937199"
"-1.027711","17.200544","2.3546975"
"-4.5525746","19.269732","1.5095441"
"-5.8879404","15.081676","-2.5061307"
"-2.1721394","8.636484","-4.341286"
"0.43155485","4.4520183","-2.767697"
"0.30047232","-0.7116765","-3.5410242"
"2.497751","-4.4861355","-5.6084175"
"3.767875","-5.949591","-5.5886655"
"3.1489737","-0.5494693","-2.0416555"
"2.2589293","1.4449008","0.4770447"
"1.929128","1.4718355","-0.4417302"
"-0.08798691","-0.55365914","-7.1766195"
"-4.324527","5.1104236","-13.895349"
"-14.053366","19.612701","-3.7660792"
"-7.169437","19.612701","-9.610326"
"5.4887075","19.612701","-10.261548"
"0.78888947","17.49084","-3.1226375"
"-0.31423897","16.579248","-0.99419224"
"2.6623523","17.526754","-1.0516531"
"4.4418426","17.260399","-0.7032967"
"0.96306765","9.773131","-1.5059528"
"-0.90141696","1.7489643","-4.203021"
"-2.7940333","-3.787627","-3.8923733"
"-3.4572272","-4.4807487","-1.4083891"
"-3.2573113","-3.632004","1.3760674"
"-3.240552","-0.5895722","-0.17178397"
"-3.0855274","2.8640637","-2.3582888"
"-2.3708582","3.7337575","-4.122815"
"1.6346412","3.4620156","-9.834184"
"2.947861","16.728886","-8.686762"
"8.879496","19.612701","-5.1223946"
"3.7098155","17.345991","-3.6469676"
"-1.3431472","19.612701","-2.622848"
"-0.04369418","19.276915","-3.0454245"
"1.3880384","15.460558","-1.5652094"
"-1.0636241","16.898275","1.1097125"
"-5.535993","17.642273","-0.79248077"
"-3.2411506","10.912173","-4.252701"
"-0.3866636","8.096592","-1.5520413"
"-0.7356185","2.5486276","-1.055843"
"1.30484","-1.965041","-3.828927"
"3.5452142","-6.2644286","-5.394735"
"2.4756045","-2.9867666","-3.8145618"
"1.0193313","-0.5722142","-0.25318682"
"0.36631286","0.8996213","0.46806642"
"-0.5967548","0.557849","-1.3922282"
"-1.9267339","-1.7040731","-15.403096"
"-8.276755","10.891822","-12.748526"
"-11.933898","19.612701","-6.719327"
"2.2709002","19.612701","-14.973337"
"7.9691005","15.917252","-7.1754227"
"0.4141969","13.692439","0.59735334"
"0.98940384","14.987702","-0.05267244"
"1.7980455","18.796877","-1.0271125"
"1.2958617","14.185046","-0.4854244"
"-0.45609543","6.992266","-1.6005238"
"-1.3760674","-0.49081135","-4.216788"
"-2.677316","-5.1571107","-2.2936451"
"-4.2598834","-7.0706763","-0.41000703"
"-4.0186677","-4.138976","1.1617863"
"-3.0023289","0.5883751","-1.9620483"
"-1.496376","5.039196","-2.617461"
"-0.53929394","5.504868","-1.4526819"
"1.7992426","1.4371196","-7.1472907"
"3.7355533","12.0170965","-12.726977"
"8.992621","19.612701","-10.444705"
"6.1022215","17.911022","-1.9387048"
"-2.4642322","19.612701","-2.6204538"
"-6.4020953","19.612701","-0.4985925"
"-1.2934675","15.728109","0.6332663"
"-1.1540052","15.650298","3.946243"
"-3.7834373","16.406866","-1.3431472"
"-3.582923","14.362816","-4.3981485"
"0.11552023","7.852383","-4.75668"
"2.0626047","2.3942018","-3.6661212"
"3.1627405","-1.7202339","-4.4220905"
"4.991312","-6.6085954","-5.084686"
"3.086126","-3.8696284","-2.4450784"
"0.9427169","-0.8607155","1.1498153"
"0.17657238","0.62728083","0.92057055"
"-1.1474211","-0.5267244","-4.835689"
"-3.3255463","1.18094","-18.65143"
"-13.2985935","19.612701","-5.427057"
"-7.067085","19.612701","-9.537901"
"6.9491706","19.612701","-14.362218"
"0.7751228","16.506824","-2.7473464"
"-3.787627","14.285603","0.90261406"
"-1.0989386","15.541961","-1.0959458"
"3.1914709","17.572243","-0.23403321"
"3.0538042","12.601881","-1.1061212"
"1.0528502","4.043208","-3.0873232"
"-0.5327099","-2.8526914","-4.123414"
"-2.949058","-5.907693","-3.1771057"
"-5.263054","-6.616975","-0.25079262"
"-4.3502645","-1.0791864","1.6968905"
"-3.3123782","2.3720553","-0.90021986"
"-1.7238252","4.4681787","-1.8890251"
"0.30645782","2.2379801","-6.2458735"
"2.7431567","5.327099","-13.427281"
"5.3881507","19.612701","-10.192117"
"12.467207","19.612701","-1.5239093"
"-0.789488","16.604986","-5.3683987"
"-4.727351","19.612701","-1.1432313"
"-1.407192","16.129736","-0.40462008"
"-0.50637364","15.607203","2.6713305"
"-3.6673183","17.580624","-0.4225766"
"-3.8552632","15.5515375","-3.1842883"
"-0.4321534","9.323022","-3.305794"
"0.1933318","4.460996","-2.3540988"
"0.018555064","0.2717419","-4.096479"
"2.2349873","-4.597466","-5.8280854"
"3.3704374","-5.5503583","-5.2558713"
"2.747945","-1.4221559","-0.86370826"
"2.202067","0.0047884034","1.567005"
"2.1068976","0.9935937","1.5646108"
"0.17238252","-0.16998832","-2.5366566"
"-1.7016789","-1.4664485","-19.571402"
"-13.6409645","19.612701","-13.742718"
"-12.245743","19.612701","-5.0930657"
"7.5962033","19.612701","-15.996859"
"2.6910827","17.381306","-2.878429"
"-2.0248961","14.48073","1.6915035"
"-1.6298528","14.454992","0.2208651"
"0.94211835","16.311697","0.02633622"
"0.9498995","9.284116","-1.6005238"
"0.84216046","1.8602947","-3.6002808"
"-0.053869538","-2.983774","-3.3560722"
"-1.103727","-5.5820813","-1.9812019"
"-3.9432502","-6.108207","1.400608"
"-3.6230257","-2.111686","0.3405752"
"-3.2387564","2.7246015","-2.244564"
"-2.5318682","5.90889","-3.151368"
"0.38067806","3.4680011","-6.6870055"
"3.3734303","6.2889695","-12.919711"
"4.7620673","19.612701","-10.682928"
"11.6585655","19.612701","-3.8654387"
"0.4333505","19.044079","-5.298967"
"-2.7090392","19.612701","-2.1481974"
"-1.5065514","18.699314","-3.2519245"
"0.6147113","16.821062","2.393603"
"-3.122039","17.863737","2.4678235"
"-5.4791307","15.717935","-1.8872294"
"-2.0697873","10.386047","-4.3676224"
"0.4333505","6.237494","-2.31639"
"0.30526072","1.09834","-2.417545"
"2.7647045","-3.7948096","-4.9984946"
"4.1461587","-7.869741","-5.4444146"
"3.1729157","-3.6727054","-2.7431567"
"1.9309237","-0.362123","0.533907"
"1.021127","1.4610616","0.46507367"
"-0.5267244","-0.11133038","-5.9148755"
"-2.6833014","1.1384429","-18.17259"
"-11.744757","19.612701","-5.7885814"
"-6.18123","19.612701","-7.6470804"
"6.078878","19.612701","-13.773244"
"1.1731589","17.27177","-4.909311"
"-2.5755625","15.471332","-0.25258827"
"-0.6841431","16.089634","-0.7212533"
"2.0326772","17.353773","-0.4177882"
"1.5765818","12.454039","-1.6579847"
"0.15263036","4.4400473","-2.6671407"
"-1.0121487","-1.8537107","-4.100669"
"-2.4235306","-6.290765","-3.1950622"
"-4.008492","-6.6121864","-0.15322891"
"-2.7820623","-2.0398598","1.3688848"
"-2.19249","2.3068132","-0.30645782"
"-2.1404164","5.381567","-1.839944"
"-1.0767922","3.8839936","-5.945401"
"1.496376","5.919065","-11.311406"
"3.7942111","19.431341","-8.91481"
"11.7543335","19.612701","-1.6232687"
"-0.45310268","19.612701","-6.2620344"
"-1.7399861","19.612701","-3.674501"
"0.23104046","16.83483","-2.6234465"
"0.84575176","16.588825","1.9847932"
"-1.9003977","16.558897","1.5442601"
"-4.9745526","15.481506","-3.2531216"
"-2.9496565","12.56058","-3.3207579"
"0.31184477","6.795343","-1.7088615"
"0.5315128","0.9175778","-1.9961656"
"1.4490906","-3.0502129","-4.7147818"
"3.3147724","-7.3723454","-6.151303"
"3.6792896","-3.8420951","-3.016694"
"1.9069817","-0.7026982","1.9913772"
"1.0199299","0.6422446","1.7914615"
"-0.020350715","-0.005985504","-1.4736311"
"-1.7328035","-1.1174936","-14.606426"
"-11.350311","14.594455","-14.291589"
"-12.319365","19.612701","-5.1762643"
"3.6894648","19.612701","-15.849017"
"5.9292407","16.372747","-6.0088477"
"-1.4999673","14.443022","0.83258367"
"-1.3820529","15.289372","-0.5931635"
"1.7782934","17.464504","-1.311424"
"3.6122518","14.285603","-1.5173253"
"1.5310919","6.7253127","-1.9434932"
"-1.2054806","-0.44831428","-4.044405"
"-1.9949685","-4.577115","-3.0065188"
"-2.9239187","-6.407482","-1.7681179"
"-3.8115692","-4.9972973","1.0588357"
"-2.4468741","-0.22385786","0.007182605"
"-2.3002293","3.6822822","-1.851915"
"-1.1246762","4.4358573","-6.4978633"
"1.7196354","7.908048","-10.992977"
"2.581548","19.612701","-5.579687"
"11.266515","19.612701","-4.498705"
"-0.8571242","19.598337","-7.33763"
"-0.49799395","19.612701","-2.3139958"
"1.9369092","15.9262295","-0.4997896"
"1.4329298","17.149069","2.903568"
"-3.6499605","17.414227","0.6997054"
"-6.3985043","15.2331085","-2.5851393"
"-3.4464533","11.572972","-3.1759086"
"-0.260968","6.160281","-1.3066356"
"-0.2777274","1.7034745","-1.7405846"
"1.186327","-2.4307132","-4.19105"
"3.9187095","-7.1065893","-5.8346696"
"3.6768951","-5.094861","-3.8857894"
"2.5797524","-1.4616601","-0.8583213"
"1.5023615","0.53091425","0.090979666"
"0.14903906","0.3866636","-3.8905778"
"-1.1821371","1.0726024","-15.161283"
"-10.143036","19.612701","-7.1101804"
"-8.86513","19.612701","-9.930551"
"3.366846","19.612701","-12.005724"
"2.6497827","15.989078","-5.42167"
"-2.0141222","15.642517","-1.2509704"
"-0.57999533","15.700576","-1.1797429"
"2.166154","17.82962","-0.81761986"
"1.8567034","13.472772","-1.0384849"
"1.1246762","5.3276973","-2.4492683"
"-0.38845924","-0.736217","-3.4446578"
"-1.1390414","-4.1820717","-1.7076644"
"-2.7623103","-5.7059813","0.338181"
"-3.4554317","-3.8564603","0.7433996"
"-3.9546227","1.0319009","-2.0416555"
"-3.0609868","4.6818614","-3.6912606"
"-2.131438","4.264672","-2.8119898"
"1.4772224","1.0474633","-7.147889"
"4.4113164","7.453748","-11.988366"
"7.8062944","19.612701","-9.800066"
"9.489418","19.612701","0.2885013"
"-2.7377696","19.612701","-4.939238"
"-5.679645","19.612701","-4.705205"
"-0.82779527","15.767015","-0.19752164"
"-0.29388827","14.176667","6.6085954"
"-3.7481227","16.525978","0.8774749"
"-3.6086605","13.351266","-3.3315318"
"-0.9995792","7.94037","-3.7481227"
"0.02932897","3.2160115","-3.7804444"
"2.505532","0.044292733","-4.530428"
"4.175488","-4.349067","-4.396951"
"2.9993362","-4.8985367","-1.8429368"
"1.4401124","-2.7449522","0.7140707"
"-0.08798691","-2.3630772","-1.8644845"
"-0.61530983","-0.54767364","-9.061455"
"-4.0976763","9.271546","-11.670536"
"-9.48463","19.612701","-5.307347"
"-5.3558292","19.612701","-13.2429285"
"4.5555673","19.612701","-12.919112"
"1.5658079","15.436017","-3.6565444"
"-1.2731167","14.24969","-0.79726917"
"-0.31483752","15.332468","-1.3479356"
"2.0979192","16.830639","-0.46267948"
"1.4041992","12.605472","-1.3730747"
"0.027533319","5.93343","-2.9496565"
"-1.3748703","-0.27114335","-3.1759086"
"-1.0528502","-4.655525","-1.9219455"
"-2.533664","-7.6764092","-0.20350714"
"-3.0454245","-4.59986","1.8207904"
"-3.2190042","1.7585411","0.22864626"
"-2.8461072","4.6884456","-1.5370775"
"-1.6274586","3.3758245","-4.383185"
"1.6723499","3.9145198","-11.865664"
"3.4422636","19.612701","-9.524733"
"14.879365","19.612701","-5.258864"
"1.8974048","18.522741","-5.1409497"
"-3.3620577","19.612701","-1.6813282"
"-2.3259668","17.38789","-2.6509798"
"-0.3333926","14.993689","0.7733272"
"-2.1511903","15.72392","0.8655039"
"-4.4514194","15.865177","-2.5893292"
"-2.5187001","13.000515","-3.8612487"
"0.3633201","7.679402","-2.1679497"
"-0.04309563","2.2732944","-2.156577"
"0.49320555","-1.5879543","-4.1718965"
"3.093907","-6.297349","-5.774216"
"3.390788","-5.4043117","-3.015497"
"1.845331","-1.8411411","1.0187328"
"-0.029927522","-0.6667852","0.39444473"
"-0.6697779","-0.7966706","-5.2606597"
"-0.51834464","2.7928362","-15.746665"
"-9.264363","19.612701","-2.806603"
"-7.233482","19.612701","-11.98657"
"2.695871","19.612701","-12.815563"
"1.9213469","16.548721","-5.1170077"
"-3.4662056","15.789162","0.88645315"
"-2.1021092","16.53316","-1.168969"
"2.0757728","18.123508","-2.3301568"
"4.572925","15.084668","-1.8243817"
"2.5438392","9.44752","-2.0560207"
"-0.770933","1.7549498","-3.0310593"
"-2.087744","-3.5769374","-2.879626"
"-1.7322049","-5.409699","-1.4030021"
"-4.0186677","-5.6551046","-0.09636662"
"-3.4685998","-1.3634979","0.29149407"
"-2.509722","2.0260932","-0.9528923"
"-1.0582372","3.2184057","-3.0747535"
"2.2296004","3.7217865","-9.560047"
"3.5859156","17.038935","-7.7183075"
"10.668563","19.612701","-4.3993454"
"0.61052144","19.110518","-7.141305"
"-4.212598","19.612701","-4.336498"
"-1.1360487","19.612701","-2.8514943"
"0.38367084","16.38472","-0.32441434"
"-1.6112977","15.642517","1.1258733"
"-3.8337154","14.762049","-2.1559787"
"-4.9428296","14.780005","-3.2561142"
"-0.8900445","11.665748","-3.7283707"
"2.7311857","5.3965306","-1.8914193"
"1.1420342","-0.48123455","-2.018312"
"2.2631192","-4.5884876","-5.3803697"
"3.7708676","-7.0144124","-5.563526"
"3.0226796","-2.4708161","-0.7667431"
"1.3934253","-0.12210429","1.6502035"
"0.5189432","0.15682021","-1.4281414"
"-1.074398","-0.37469256","-13.727754"
"-5.4432178","12.483966","-11.547235"
"-10.474034","19.612701","-3.016694"
"-0.81522566","19.612701","-10.677541"
"2.8886044","18.514961","-10.653001"
"-2.2272062","15.303738","-3.1429882"
"-1.0360907","16.479889","-2.1320367"
"3.5817258","18.619108","-2.9460652"
"3.560178","17.323246","-2.441487"
"1.8285716","11.808802","-1.9512744"
"-1.8423382","3.8253357","-2.6940753"
"-3.9384618","-1.7166426","-3.3991678"
"-2.8963854","-4.189853","-2.0626047"
"-3.6170402","-6.145317","-0.049679685"
"-2.5540147","-3.333926","0.8086416"
"-2.0536265","0.95827925","-1.0169371"
"-1.7345991","3.309984","-1.6843209"
"-0.94930094","2.5222914","-2.5366566"
"1.8620903","1.6220716","-9.393052"
"4.1120415","13.678074","-8.88608"
"7.835025","19.612701","-5.2786164"
"2.947861","19.338566","-7.937377"
"-3.6834793","19.612701","-4.800973"
"-1.2653356","19.612701","-3.0969"
"-1.5352819","16.751032","1.7770962"
"-2.6288335","15.510836","1.4137762"
"-3.764882","16.3099","-2.0727801"
"-1.4796166","14.550162","-3.9480386"
"1.8567034","8.407838","-1.9147629"
"1.3132197","2.6084828","-2.971803"
"1.2485762","-0.7230489","-5.1223946"
"3.9594111","-4.2299557","-6.0238113"
"3.3584664","-5.361216","-0.5746084"
"1.477821","-3.594894","3.0561984"
"-0.6793547","-3.110068","-1.3335704"
"-1.0564415","-1.6286557","-12.447454"
"-5.5018754","11.645996","-7.1688385"
"-9.235633","19.612701","-4.6902413"
"-3.554791","19.612701","-12.811374"
"1.910573","19.612701","-12.41214"
"-0.58657944","16.652271","-2.3187842"
"-0.82779527","14.935629","-1.2366052"
"2.5091233","15.962741","-2.0111294"
"3.3518825","16.930597","0.27593175"
"0.6817489","12.045827","-1.0324994"
"-1.2036849","5.9759274","-2.6940753"
"-2.4396915","0.16519992","-2.919729"
