"-1.4682442","12.784438","-3.6493618"
"-1.4682442","12.784438","-3.6493618"
"-1.4682442","12.784438","-3.6493618"
"-1.4682442","12.784438","-3.6493618"
"-1.4682442","12.784438","-3.6493618"
"-1.4682442","12.784438","-3.6493618"
"-2.1164744","8.672996","-1.9147629"
"-1.5155296","6.317101","-1.62686"
"-1.0067618","4.754286","-1.2749124"
"-0.7757214","3.952827","-0.89423436"
"-0.7374141","3.6020765","-0.62608373"
"-0.40761283","4.31076","-0.5650316"
"0.1388637","5.4605756","-0.15682021"
"0.3369839","6.7163343","0.11791443"
"0.020949265","8.555679","0.019153614"
"-0.24420857","10.179547","-1.1115081"
"0.45908818","10.205883","-1.3377602"
"0.12689269","9.123106","-1.4646529"
"-1.0001777","9.752781","-2.5222914"
"0.0724246","11.253346","-2.5450363"
"1.7136499","14.143148","0.85891986"
"1.858499","15.096041","1.4101849"
"-1.2090719","14.390948","-2.1631613"
"-1.4185646","13.192051","-6.0609217"
"-0.6344634","13.872603","-7.8410106"
"0.18974048","12.6767","-7.8428063"
"1.0875661","9.7563715","-4.4484267"
"-0.54767364","8.273763","-1.6466122"
"-2.6420016","8.613141","-1.785476"
"-2.5887306","9.156625","-3.0753522"
"-1.2324153","10.208876","-3.550601"
"0.2753332","9.405622","-2.9801826"
"0.79966336","8.170214","-2.2002714"
"0.5626374","7.0168066","-1.9027919"
"-0.079008654","5.9687448","-1.4885949"
"-0.8738836","4.80636","-0.9935937"
"-1.8154035","4.6884456","-0.48841715"
"-2.7252002","5.5168395","-0.12689269"
"-3.0346506","6.712743","-0.36750996"
"-3.0041246","7.716512","-1.0857705"
"-2.1906946","9.112331","-1.858499"
"-1.0390835","10.260351","-1.0133458"
"-0.51235914","10.79785","0.56922144"
"-0.770933","11.419744","-1.5053543"
"-1.7340006","11.9297085","-3.1759086"
"-3.9438488","11.81359","-1.0486604"
"-4.1299977","12.613253","0.42437226"
"-1.4951789","13.41112","-0.82121116"
"-0.08259996","14.358626","-4.272453"
"-1.9087774","11.031883","-6.007651"
"-0.95349085","8.139089","-7.398083"
"-1.0085574","9.043498","-5.216367"
"-2.1398177","11.261726","-3.8379054"
"0.12330139","11.003751","-4.0659533"
"-0.15562311","11.473613","-2.830545"
"-1.3694834","12.895769","-3.3117795"
"-1.7806876","13.150751","-3.3129766"
"-2.211644","10.752359","-2.1164744"
"-1.2084733","7.4429746","-1.780089"
"-0.53211135","5.6443305","-1.3664906"
"-0.2633622","4.530428","-1.0097545"
"-0.1388637","4.0557775","-0.84455466"
"-0.142455","4.074931","-0.717662"
"0.010773907","4.582502","-0.5255273"
"-0.14963761","6.0477533","0.19871874"
"-0.7739257","7.754221","0.688333"
"-0.6326678","9.114726","-0.51714754"
"0.08080431","10.099341","-0.7715315"
"0.88046765","10.070012","-1.9590555"
"-0.16759412","9.940127","-2.267309"
"0.48961425","12.194268","-2.5683799"
"1.3227965","15.133749","0.4297592"
"1.0666169","14.215572","1.4251486"
"-1.2443863","14.132973","-1.8902222"
"-1.0881647","13.885173","-5.8532248"
"-1.4478935","13.682264","-7.217321"
"-0.3824737","11.928512","-7.969699"
"0.41000703","9.772532","-4.793192"
"-0.5410896","8.039131","-1.3676877"
"-1.8142064","8.033744","-1.1534066"
"-1.6705543","8.74961","-2.8502972"
"-0.635062","10.875661","-3.7780502"
"0.3357868","10.62008","-2.9514523"
"0.25677812","8.802881","-2.3918076"
"-0.08200141","7.216124","-2.2296004"
"-0.65541273","5.8143187","-1.6561891"
"-0.90740246","4.7602715","-0.9283517"
"-1.2042835","4.8297033","-0.3657143"
"-1.8872294","5.8825536","-0.3196259"
"-2.1493945","7.1251445","-0.78529817"
"-2.6916811","8.387487","-1.2431892"
"-2.3235726","9.169194","-1.95307"
"-1.6921021","9.346964","-2.168548"
"-0.7422025","9.779117","-0.6392518"
"-0.47225627","10.879252","-0.9379285"
"-1.3096284","11.717822","-3.196858"
"-4.277241","11.617864","-2.2361844"
"-5.2582655","12.264298","-1.0486604"
"-2.7180176","14.20001","-1.6825253"
"-0.0700304","14.377181","-5.1038394"
"-1.073201","12.508507","-6.371569"
"-1.1875241","10.543466","-7.8368206"
"-1.2467805","9.776723","-5.8023477"
"0.095768064","9.02614","-4.0940847"
"1.4329298","10.031107","-2.80361"
"0.8146271","11.329961","-2.566584"
"-0.34117374","12.210428","-4.32333"
"-1.6382325","11.991958","-4.1240125"
"-1.8052281","10.09575","-2.6551697"
"-1.3587095","7.5112095","-1.6424223"
"-1.0941502","5.9837084","-1.2791022"
"-0.9564836","4.9637785","-1.1324574"
"-0.7314286","4.899135","-1.0809821"
"-0.2148796","5.3582234","-0.7469909"
"0.3357868","5.7179523","-0.47345337"
"0.79726917","6.168062","-0.30645782"
"0.39624038","7.117962","0.008379706"
"-0.11432313","8.480263","-0.14664486"
"-0.40102878","9.414599","-0.3393781"
"-0.09935937","9.522339","-1.4203602"
"-0.45549688","9.816826","-2.1404164"
"-0.717662","10.527305","-3.354875"
"1.1097125","13.443442","-1.6017209"
"1.6759412","14.689625","1.5011644"
"0.95947635","14.893131","-1.2078748"
"-2.1883004","15.498266","-4.409521"
"-1.1133038","13.597869","-6.8683662"
"0.8170213","11.628637","-5.9250507"
"0.7026982","8.839992","-4.0144777"
"0.56982","6.7229185","-2.8113914"
"-0.8738836","8.36175","-2.1655555"
"-1.5221137","10.081385","-2.930503"
"-1.1091139","11.7627125","-4.679467"
"-0.30406362","12.849082","-4.3275194"
"0.39384618","10.367492","-3.132813"
"0.42556936","8.202535","-2.3600843"
"0.076015905","6.305729","-1.8010383"
"-0.16280572","4.759673","-1.210269"
"-0.7015011","3.9594111","-0.75357497"
"-1.1665748","4.446631","-0.50876784"
"-1.7525556","5.6407394","-0.40162733"
"-2.2134395","7.1287355","-0.50278234"
"-2.5647886","8.205527","-0.93254155"
"-2.1272483","9.534309","-1.9847932"
"-1.1043255","10.541072","-1.8579005"
"-0.14784196","10.549451","0.17657238"
"-0.61112","10.423756","-1.2437878"
"-1.2958617","10.955269","-2.8892028"
"-4.3544545","11.215039","-0.99778354"
"-4.8895583","12.28824","0.18555063"
"-2.3092074","13.997102","-0.75477207"
"0.089184016","15.248072","-4.413112"
"-0.64463884","12.69705","-6.105813"
"-0.6823475","10.473435","-7.414244"
"-1.4197617","9.354745","-6.2620344"
"-1.8106151","9.461287","-5.081693"
"-0.108337626","8.711303","-3.8127663"
"1.0779893","9.337985","-2.7874494"
"0.320823","10.757747","-2.405574"
"-0.7290344","12.238561","-3.696049"
"-1.6250644","12.126632","-3.2800562"
"-1.4718355","9.783307","-2.5558102"
"-0.997185","7.4615297","-2.1984756"
"-0.93373865","6.157887","-1.6041151"
"-0.8858546","5.4767365","-1.3198037"
"-0.5327099","5.3420625","-1.0307038"
"0.034117375","5.527613","-0.7410054"
"0.12569559","6.133945","-0.6865373"
"-0.4345476","7.0964136","-0.4866215"
"-0.7392098","8.428188","-0.16400282"
"-1.3204023","9.552266","0.20709845"
"-2.1529858","9.5798","0.6075287"
"-3.0059202","8.971074","-0.5231331"
"-2.553416","8.825626","-3.5434184"
"-0.16519992","11.402386","-3.1064768"
"2.1003134","15.315109","0.29628247"
"2.4714148","13.851654","1.1761516"
"0.5105635","13.640366","-3.5895069"
"0.08200141","12.831125","-5.895123"
"0.37708676","12.719795","-5.877765"
"-0.29328972","11.541249","-5.631761"
"-2.2439656","9.639056","-3.5452142"
"-3.2190042","7.586028","-2.8269536"
"-3.4877534","7.984064","-2.1978772"
"-1.8968062","9.332","-3.0142999"
"-0.28491","10.210671","-2.9161377"
"0.11312603","10.891822","-3.2028434"
"0.017357962","9.846753","-2.8628666"
"-0.12868834","8.089409","-2.4468741"
"-0.28491","6.3153057","-2.2146366"
"-0.65900403","4.9637785","-1.6801311"
"-1.0384849","4.449025","-0.9187749"
"-1.6753427","4.848857","-0.56323594"
"-1.6184803","6.072294","-1.0857705"
"-1.1450269","7.5854297","-1.4568717"
"-0.7092823","9.148843","-1.417966"
"-0.015562311","10.563218","-1.5622166"
"0.15981296","11.031284","-1.4101849"
"0.06404489","10.927136","-0.79846627"
"-0.49559975","11.177331","-1.1737574"
"-2.6114755","11.8094","-3.2722752"
"-4.0677485","13.438056","-2.6833014"
"-2.1380222","13.487736","-0.49559975"
"0.7236475","14.384364","-1.2132617"
"-0.020949265","13.838486","-4.099472"
"-3.027468","9.177573","-7.167641"
"-3.5164838","6.9725137","-9.03871"
"-4.9984946","9.074623","-5.4779334"
"-3.7966053","10.68652","-2.3995886"
"0.029927522","10.06283","-3.0669725"
"0.24540567","11.504738","-3.7032316"
"-0.4758476","13.623607","-4.6896424"
"-0.9175778","12.919711","-4.344279"
"-0.93972415","9.630077","-2.8281507"
"-0.3513491","6.6026096","-1.858499"
"-0.3537433","5.513248","-1.1085154"
"-0.6841431","5.0403934","-0.6835446"
"-1.0881647","4.8895583","-0.88405895"
"-1.2623428","5.1235914","-0.8936358"
"-1.0708067","5.6521115","-0.40102878"
"-0.87927055","6.5128274","0.4818331"
"-1.0462662","7.6488757","0.53570265"
"-1.2485762","8.878299","0.0047884034"
"-0.6781576","9.46009","-0.9103952"
"0.47405192","10.117896","-1.7770962"
"-0.45609543","10.115502","-1.9596541"
"-0.50637364","11.96622","-2.516306"
"-0.17537527","14.466964","-0.41479546"
"0.026934769","13.724163","1.4646529"
"-1.3180081","13.982138","-1.4197617"
"-1.9776106","14.478336","-4.132991"
"0.997185","10.552444","-5.357625"
"0.2885013","9.536105","-5.8484364"
"1.0749966","8.485051","-5.1385555"
"0.76554596","8.787917","-3.1992521"
"0.38187516","9.843162","-2.7509377"
"-0.59376204","10.333375","-3.3201592"
"-1.3437457","12.006922","-4.1892543"
"-1.3401544","12.328941","-4.0372224"
"-0.41240123","10.17416","-2.8604724"
"0.054468088","7.9876556","-2.010531"
"0.27234045","6.055535","-1.8471266"
"0.14664486","4.83928","-1.650802"
"-0.25318682","4.609437","-1.0606314"
"-0.75716627","4.938041","-0.54049104"
"-1.6998832","5.759252","-0.6183026"
"-2.3259668","7.117363","-1.0935516"
"-2.6641479","8.769362","-1.168969"
"-2.5276785","10.192716","-1.4502877"
"-2.4666264","10.2896805","-1.091756"
"-1.7070658","10.28549","-0.44891283"
"-1.3395559","10.465654","-1.9746178"
"-1.5508442","11.300034","-1.9871874"
"-3.3357215","11.936892","-0.6302736"
"-3.9791632","12.820352","-0.12330139"
"-2.066196","14.370597","-1.5107412"
"-0.4441244","14.653711","-4.097078"
"-0.96187055","12.213422","-5.263054"
"-1.0450691","9.543886","-6.906075"
"-1.0348936","8.353969","-6.4864907"
"-1.3640964","8.4587145","-5.047576"
"-0.492607","8.661025","-4.474763"
"-0.035913024","10.260351","-4.0240545"
"-0.7721301","12.149975","-3.0484173"
"-2.130241","13.127408","-3.4422636"
"-2.393603","12.149975","-3.5302503"
"-1.9925743","9.332","-2.6198552"
"-1.6196774","6.6983776","-1.816002"
"-1.2868834","5.0781016","-1.3377602"
"-1.1438298","4.5555673","-1.0899603"
"-0.9935937","4.8614264","-0.57760113"
"-0.26874915","5.341464","-0.32800564"
"0.3357868","5.979519","-0.22505496"
"0.5602432","7.394492","-0.005985504"
"0.40641573","8.774151","-0.14305355"
"0.05626374","10.388441","-0.7170634"
"-0.58418524","10.101735","-0.36990416"
"-0.7218518","9.132084","-1.472434"
"-1.6340426","9.931149","-2.712032"
"-0.74399817","10.945692","-3.153762"
"0.47285482","12.957419","-0.045489833"
"2.5145104","13.071144","1.8393455"
"1.846528","13.129802","-1.6807296"
"-0.58657944","14.520235","-4.7985787"
"-0.207697","12.794015","-4.827309"
"0.81522566","10.860099","-5.6359506"
"0.3357868","9.21229","-4.5238442"
"-1.5179238","9.059659","-3.366846"
"-2.4504654","10.195708","-2.8000188"
"-2.2092497","10.4883995","-4.028843"
"-1.9746178","11.270106","-4.1162314"
"-0.6362591","11.055825","-3.6224272"
"0.32022446","9.011775","-2.7072437"
"0.6895301","7.3986816","-2.4474726"
"0.52852005","5.7377043","-1.887828"
"0.20111294","4.661511","-1.2378023"
"-0.64823014","4.673482","-0.705691"
"-1.6531962","5.3181205","-0.7146692"
"-2.5552118","6.192004","-0.90620536"
"-2.8963854","7.3364325","-1.0690111"
"-3.1603463","8.616732","-1.2665327"
"-2.2984335","10.059238","-1.9285295"
"-0.96905315","10.928333","-1.2072762"
"-0.56682724","10.878056","0.6847417"
"-0.6548142","10.466252","-1.2366052"
"-0.8643068","11.201871","-2.7335799"
"-3.426701","11.771691","-0.7398083"
"-4.6519337","12.576143","0.29628247"
"-2.8137856","14.464569","-2.0667946"
"-0.61890113","14.477737","-4.7602715"
"-1.049259","11.7543335","-6.582259"
"-1.0618285","10.1161","-7.6602483"
"-2.1242554","9.392453","-6.179435"
"-2.3050177","8.866926","-4.173094"
"-0.39743748","8.508394","-3.8774097"
"0.5446809","9.920973","-3.1860838"
"-0.4997896","11.680113","-3.1495724"
"-2.0398598","12.333132","-3.4835634"
"-2.9400797","11.303625","-3.1884782"
"-2.415151","8.738237","-2.405574"
"-1.8243817","6.941389","-1.894412"
"-1.1725603","5.421071","-1.5556326"
"-0.9403227","5.068525","-1.4454993"
"-0.5255273","5.269638","-1.2623428"
"0.25498247","5.8999114","-0.88046765"
"0.676362","6.3260794","-0.83138657"
"0.75716627","7.578247","-0.58298814"
"0.5279215","8.748413","-0.11611878"
"0.04249708","9.450513","-0.41180268"
"-0.1376666","9.561244","-0.7428011"
"0.51714754","9.254189","-1.5879543"
"-0.14664486","8.947132","-1.54845"
"0.44651863","10.253169","-2.8832173"
"0.9983821","14.326903","-0.48722005"
"1.4856021","14.609419","0.29927522"
"-1.0073603","14.611813","-2.8736405"
"-2.5049336","13.970167","-5.8604074"
"0.0712275","13.323133","-6.4781113"
"1.5987282","10.593145","-5.158906"
"0.7410054","7.9810715","-3.2112231"
"-1.2922704","6.8228765","-2.379238"
"-2.9047651","9.059659","-2.8538885"
"-2.8874073","10.651205","-4.5154643"
"-1.2779051","11.519103","-4.4765587"
"0.2645593","10.8948145","-3.5464113"
"1.0127473","9.165004","-3.084929"
"0.7433996","7.760206","-2.6701334"
"0.15023616","6.6546836","-2.132635"
"-0.40581718","5.4138885","-1.4389153"
"-1.1258733","5.2049947","-0.97982705"
"-2.0248961","5.6724625","-0.91937345"
"-2.52289","6.742072","-1.3916297"
"-2.722806","7.5345526","-1.4742297"
"-2.5570073","8.033744","-1.1426327"
"-1.8106151","8.922591","-1.650802"
"-1.1707647","9.615114","-1.2593501"
"-0.9528923","10.128072","0.3286042"
"-1.0414777","10.96305","-1.0995371"
"-1.1282675","12.050017","-3.2190042"
"-3.2010477","11.921927","-1.8339585"
"-4.0414124","12.4312935","-0.039504327"
"-2.0787656","12.662932","-0.51116204"
"-0.02633622","13.913304","-4.173094"
"-1.3395559","10.908582","-6.651691"
"-1.1707647","8.280347","-8.665215"
"-0.7164649","8.487445","-6.1489086"
"-1.910573","10.300454","-3.819949"
"-0.01436521","10.804434","-4.296395"
"-0.6931214","11.412561","-3.6086605"
"-1.8046296","13.072341","-3.8121676"
"-2.5037365","13.819931","-3.7068229"
"-2.4672248","11.823765","-2.9771898"
"-1.7621324","8.415619","-1.8800468"
"-1.1264719","5.9956794","-1.4155718"
"-0.5883751","4.431069","-1.1486182"
"-0.50038815","3.9749734","-0.9163807"
"-0.11192893","4.334702","-0.58897364"
"0.48482585","5.085284","-0.30226797"
"0.6955156","6.5708866","0.14724341"
"0.24121583","8.436568","0.20171149"
"-0.31364042","9.787497","-0.8738836"
"-0.4818331","9.849147","-1.3221979"
"-0.207697","9.284116","-2.6276364"
"-0.84335756","9.519944","-2.9179332"
"0.22924481","11.194689","-2.7976246"
"1.3078327","13.632585","0.52971715"
"1.5376761","13.260884","2.634819"
"-0.8487445","11.69807","0.3172317"
"-2.2529438","14.231733","-5.016451"
"-0.15083471","12.752117","-5.5659204"
"0.6584055","10.542269","-5.7203465"
"0.5638345","8.958505","-5.2852"
"-1.1282675","8.824429","-4.3658266"
"-1.8291701","9.745","-3.093907"
"-2.0260932","10.731411","-3.490746"
"-1.6304513","12.058397","-3.82773"
"-0.17776948","11.859678","-3.66672"
"0.6655881","10.258555","-3.1423898"
"0.6476316","8.559271","-2.6090813"
"0.3465607","6.6427126","-1.7902644"
"-0.2088941","5.218761","-1.2611457"
"-0.78290397","4.6806645","-0.74758947"
"-1.3958195","5.143344","-0.46447513"
"-1.738789","5.81372","-0.46148238"
"-2.067393","6.633136","-0.8391677"
"-2.0973208","7.9301944","-1.2808979"
"-1.4556746","9.651626","-2.0901382"
"-1.1055226","10.203489","-1.401805"
"-0.82779527","10.226832","0.027533319"
"-0.9151836","10.589554","-1.9716251"
"-1.7705121","11.504738","-2.694674"
"-4.622605","12.05301","-0.5057751"
"-4.708796","13.178285","0.55485624"
"-1.6927006","13.463793","0.94451255"
"1.2186487","14.733917","-3.406949"
"-0.86610246","11.934497","-5.0523643"
"-1.9991584","7.4591355","-7.7428484"
"-0.46926352","6.39192","-6.688801"
"-2.2212207","8.921992","-3.7301662"
"-0.6997054","10.749367","-4.7518916"
"-0.19153613","11.067198","-4.4675803"
"-1.1145009","12.409746","-3.9731777"
"-1.5729905","14.343064","-3.5553896"
"-2.1577742","12.13142","-2.4432828"
"-2.0021513","9.209895","-1.738789"
"-1.6346412","6.25964","-1.4891934"
"-1.3335704","5.118803","-1.2024878"
"-1.0127473","4.748899","-0.8972271"
"-0.7038953","4.7321396","-0.6781576"
"-0.17836803","5.503671","-0.6793547"
"0.25558102","6.432023","-1.0121487"
"0.3716998","8.054693","-0.89662856"
"0.18734628","9.247005","-0.62967503"
"0.29568392","9.932345","-0.63087213"
"0.18974048","9.155427","-0.20290859"
"0.724246","8.786121","-1.4574703"
"-0.073023155","9.217676","-2.7449522"
"0.997185","11.632229","-2.801216"
"1.8351556","14.733318","1.1677719"
"1.8255788","13.487736","1.311424"
"-1.2330139","13.904326","-3.3482912"
"-3.0053217","13.685856","-4.953005"
"-0.9947908","11.997943","-5.97892"
"-0.15741876","10.176555","-5.8095303"
"-0.023942016","8.755595","-3.8426938"
"-0.4794389","8.655638","-2.391209"
"-1.5825673","9.27394","-2.4396915"
"-1.4053963","10.626664","-3.8815994"
"-0.8182184","12.55699","-4.143166"
"0.26874915","11.815386","-3.627814"
"0.84216046","9.394848","-2.504335"
"0.7344214","7.073669","-1.9632454"
"0.27353755","5.0505686","-1.5059528"
"-0.5554548","4.2904096","-0.7086837"
"-1.3874398","4.630386","-0.22984336"
"-2.0913353","5.1636944","-0.08619126"
"-2.556409","6.5020533","-0.4938041"
"-2.956839","8.061875","-1.2300211"
"-2.582745","9.257181","-1.5897499"
"-1.5975311","10.274118","-2.1080947"
"-0.54288524","10.693104","-0.7224504"
"-0.05207389","10.465055","-0.32441434"
"-0.25677812","10.819398","-2.5791538"
"-2.484583","11.383232","-2.8508956"
"-5.465364","11.5873375","-0.59136784"
"-4.5232453","13.96059","-0.8038532"
"-1.1755531","15.770008","-3.29502"
"0.23882163","14.039598","-5.839458"
"-0.94570965","11.723208","-7.839813"
"-1.8297687","9.384672","-7.6123643"
"-1.4137762","8.170214","-5.1247888"
"-0.11731588","7.790134","-2.9041667"
"1.448492","8.916606","-2.5438392"
"0.51116204","10.574591","-2.1027076"
"-1.258153","11.15279","-3.8845923"
"-2.3660698","10.981605","-4.27365"
"-2.5701754","9.694122","-3.0101101"
"-1.8495208","7.575853","-1.7010803"
"-1.2988545","6.1519012","-1.352724"
"-0.79128367","5.5192337","-1.3976152"
"-0.37708676","5.767632","-1.1857284"
"0.1352724","6.211158","-0.8690952"
"0.4309563","6.571485","-0.6793547"
"0.5009867","7.418434","-0.50278234"
"0.29149407","8.5778265","0.07182605"
"-0.13467385","9.1033535","-0.093972415"
"-0.55006784","8.884883","-0.46088383"
"0.35913026","8.970475","-1.632247"
"-0.050278235","9.160215","-1.9488802"
"1.168969","10.907983","-2.9712043"
"1.9548657","14.72434","-0.1448492"
"1.7597382","14.21258","0.98581254"
"-1.2060791","14.122199","-2.7102363"
"-3.0041246","13.443442","-6.0022635"
"-1.1833342","12.363059","-7.617751"
"0.020949265","10.196306","-6.0124393"
"1.1558008","9.358934","-4.380192"
"-0.28909984","9.2907","-2.3247697"
"-1.3036429","9.61691","-3.0801406"
"-1.3706805","10.973225","-4.7261543"
"-0.60094464","12.203246","-4.3047748"
"0.57400984","10.599131","-3.2333694"
"0.7823054","8.343793","-2.5127146"
"0.31124622","6.691794","-2.3080103"
"-0.42317516","5.306748","-1.6938977"
"-1.2192472","4.301183","-0.9983821"
"-1.6460136","4.473566","-0.5722142"
"-1.846528","5.5042696","-0.5931635"
"-1.9812019","6.7402763","-1.2240356"
"-2.0213048","7.7506294","-1.8447324"
"-1.6292542","9.105149","-2.2278047"
"-0.9876082","9.977836","-1.8124107"
"-0.93254155","10.227431","0.20231004"
"-1.1941081","10.299856","-0.6955156"
"-1.1947067","11.816583","-3.5110967"
"-2.545635","11.930307","-2.593519"
"-3.946243","12.078149","0.02873042"
"-2.705448","12.9484415","0.22984336"
"0.21906945","14.765042","-3.8498764"
"-0.7990648","12.199057","-5.7359085"
"-0.84814596","8.925584","-8.47308"
"-0.39145198","8.425196","-7.0850415"
"-1.8130093","9.8994255","-4.7381253"
"-1.1486182","10.7769","-4.3999443"
"0.24181437","10.626065","-4.225766"
"-0.7236475","11.6986685","-3.478775"
"-1.644218","12.928689","-3.815759"
"-2.4001873","12.4785795","-3.5045128"
"-2.0859482","9.780912","-2.4480712"
"-1.4137762","7.1221514","-1.7435774"
"-0.9983821","5.779603","-1.2862848"
"-0.7679402","4.9613843","-1.1480197"
"-0.5386954","4.787805","-1.0869676"
"-0.10235212","5.100847","-0.7697359"
"0.27234045","5.522825","-0.5081693"
"0.32920274","6.670246","-0.32561144"
"0.16101007","8.293514","-0.28491"
"0.08678981","9.56304","-0.641646"
"-0.29927522","9.646837","-0.35314476"
"0.037110128","8.697536","-1.7591397"
"-0.5470751","9.227852","-2.7299886"
"0.94930094","11.067796","-2.8987796"
"1.9387048","14.243705","1.0205284"
"2.0691888","14.304158","0.99778354"
"-0.3453636","13.964181","-3.9390604"
"-2.92751","13.857041","-5.4019175"
"-0.6871359","12.963405","-6.8001313"
"0.23523031","10.892421","-6.476914"
"0.7757214","9.068638","-4.331111"
"-0.8750807","8.698134","-1.9369092"
"-2.235586","9.69113","-2.621651"
"-1.9973627","10.845734","-4.8482585"
"-0.8607155","12.188282","-4.6034513"
"0.6332663","10.860698","-3.3961751"
"1.1917139","8.797494","-2.7670987"
"0.89064306","6.935404","-2.5839422"
"0.15861586","5.443816","-1.9416976"
"-0.46986207","4.5238442","-1.0468647"
"-1.42455","4.52145","-0.40102878"
"-2.3690627","5.5042696","-0.30047232"
"-2.759916","6.9928646","-0.76195467"
"-2.992752","8.036138","-1.282095"
"-3.0759506","8.78672","-1.5251064"
"-2.244564","9.844957","-1.9333179"
"-1.09834","10.533889","-0.7930793"
"-0.41599256","10.231023","0.45609543"
"-0.6027403","10.287885","-1.567005"
"-2.0123265","11.263522","-2.7299886"
"-4.706402","11.914744","-0.8655039"
"-4.3718123","12.962807","0.12509704"
"-1.2791022","13.56435","-1.1007342"
"0.8726865","14.097658","-4.048595"
"-1.7208325","10.282497","-5.575497"
"-1.049259","7.4148426","-7.337031"
"-0.79487497","7.285556","-4.860828"
"-1.8728642","9.249998","-3.4165258"
"-0.40821138","10.836756","-4.935647"
"-0.6422446","11.760319","-4.509479"
"-0.99658644","13.387777","-4.333505"
"-1.9387048","14.282012","-3.2890346"
"-2.135628","11.979388","-2.4486697"
"-2.0620062","8.194156","-1.5221137"
"-1.8908207","5.847239","-1.0821792"
"-1.6023195","4.8781857","-0.8882488"
"-1.0450691","4.5459905","-0.75118077"
"-0.22325931","4.8165355","-0.6775591"
"0.63087213","5.390545","-0.6027403"
"0.8858546","6.4870896","-0.45429978"
"0.58119243","8.052897","-0.12150574"
"0.13347675","9.507974","-0.32202014"
"-0.25737667","10.196306","-0.4225766"
"-0.107739076","9.069835","-1.4466964"
"-0.62368953","8.467094","-2.0644004"
"-0.44831428","8.981848","-3.6224272"
"1.4766239","13.251906","-1.5376761"
"2.4474726","14.790181","1.6992847"
"1.3826514","14.730326","-1.2922704"
"-1.7998412","14.464569","-4.8680105"
"-1.6759412","14.486117","-6.695385"
"0.43155485","12.628816","-7.043741"
"0.7062895","9.343372","-5.0397944"
"-0.44113165","6.591836","-2.392406"
"-2.7216089","7.6171527","-1.4383167"
"-2.8927941","9.234436","-3.6703112"
"-1.881244","11.072584","-4.647744"
"-0.11192893","11.323976","-3.7140055"
"0.84216046","9.779716","-3.3291376"
"0.8870517","8.022371","-3.2914288"
"0.24899697","6.8372416","-2.5552118"
"-0.4890157","5.6425347","-1.7022774"
"-1.1899183","4.9901147","-1.055843"
"-1.8387469","5.2983685","-1.13964"
"-2.2307975","6.205771","-1.1599907"
"-2.4660277","7.255628","-1.163582"
"-2.7090392","8.335413","-1.1887212"
"-2.212841","9.235633","-1.8495208"
"-1.4197617","9.675568","-1.7848774"
"-0.90979666","10.221446","0.036511578"
"-1.0378864","10.59554","-0.6967127"
"-1.0372878","11.985972","-2.9963434"
"-3.196858","11.98657","-2.19249"
"-4.1132383","12.811374","-0.39683893"
"-2.3840263","13.302783","-0.4177882"
"0.31543607","14.849438","-4.1042604"
"-0.59136784","13.0442095","-5.2444987"
"-1.5107412","9.52593","-8.104971"
"-0.50397944","8.247426","-7.777564"
"-1.7130513","8.870518","-5.144541"
"-0.7823054","9.694721","-4.1198225"
"0.41180268","10.322002","-4.0240545"
"-0.11971009","11.614871","-3.0322564"
"-1.1318588","12.316971","-3.4374752"
"-2.3038206","11.527483","-3.369839"
"-2.3391352","9.294291","-3.0550013"
"-1.6370354","6.9599442","-2.27928"
"-1.1510124","5.631761","-1.5496471"
"-0.92655605","5.118803","-1.216853"
"-0.5374983","5.3169236","-1.1426327"
"-0.054468088","5.767632","-0.95708215"
"0.42796355","6.2686186","-0.842759"
"0.41479546","7.4310036","-0.59974754"
"0.044891283","8.599973","-0.33279404"
"-0.108337626","9.355942","-0.85173726"
"-0.21188685","9.161413","-0.7110779"
"0.2136825","8.944737","-2.0326772"
"-0.43993455","9.486425","-2.4277205"
"0.8571242","11.396998","-2.8311436"
"1.6903064","14.186842","0.37948096"
"1.4203602","13.642161","1.2551602"
"-1.216853","13.839683","-2.7868507"
"-3.5260606","13.457808","-4.2185836"
"-0.1388637","10.610503","-5.899313"
"-1.2234371","9.45171","-5.5467668"
"-0.57760113","9.832388","-5.429451"
"0.16759412","10.362105","-4.8380833"
"-0.5201403","10.571598","-2.7563248"
"-1.2401965","11.382035","-3.9995139"
"-1.3126211","12.689269","-4.4621935"
"0.025139118","11.489774","-3.7630866"
"0.9235633","8.727464","-2.670732"
"1.3204023","6.0507464","-2.1547816"
"0.88765025","4.607641","-1.7381904"
"-0.5434838","3.9522285","-0.8182184"
"-1.8441339","4.160524","-0.30107087"
"-2.32058","5.1247888","-0.34715924"
"-2.4516625","6.6271505","-0.46447513"
"-2.932897","8.111555","-0.44472298"
"-2.9646204","9.558251","-1.1133038"
"-2.4169466","10.067019","-1.6232687"
"-1.5071499","10.412982","-0.46507367"
"-0.78529817","10.28549","-1.1779473"
"0.2160767","10.565014","-2.754529"
"-2.3523033","11.134235","-1.4796166"
"-3.6996403","12.786234","-0.65421563"
"-2.508525","14.226945","-0.75716627"
"0.092176765","16.074072","-3.6008794"
"-1.246182","13.207614","-5.4204726"
"-1.769315","10.018537","-7.5495167"
"-1.4191631","8.281544","-6.4146647"
"-1.6645688","8.251018","-4.4861355"
"-0.14963761","9.122507","-4.010886"
"0.712275","10.475829","-3.7433343"
"0.010773907","11.802815","-3.442862"
"-1.4544775","12.832322","-3.8414967"
"-2.4594438","12.24275","-3.3303347"
"-2.2631192","9.42238","-2.309806"
"-1.9057846","6.583456","-1.6041151"
"-1.721431","5.143344","-1.1348516"
"-1.3838485","4.7866077","-0.9744401"
"-0.7918822","5.1768627","-0.8265981"
"0.15322891","5.647323","-0.6871359"
"0.94810385","6.2165446","-0.52253455"
"0.8655039","7.477092","-0.39863458"
"0.41240123","8.937555","-0.4429273"
"-0.0700304","10.027515","-0.92775315"
"-0.5518635","9.521142","-0.40162733"
"-0.0077811554","8.620922","-1.5406688"
"-0.7368156","9.11712","-2.4355016"
"0.58777654","11.475409","-2.4983494"
"1.7782934","14.402919","1.1079168"
"1.6466122","14.074913","1.2419921"
"-0.9487024","14.203003","-3.53863"
"-2.5779567","13.337499","-4.9176903"
"-0.5291186","12.082339","-6.9342065"
"0.15023616","10.132261","-6.8785415"
"0.4321534","9.110536","-4.449025"
"-0.005985504","9.385271","-2.6048915"
"-1.411382","10.000581","-2.6521769"
"-1.7615339","10.750565","-4.311359"
"-1.2012907","11.968016","-4.4316673"
"0.044292733","10.819996","-3.481768"
"0.78170687","8.486248","-2.4247277"
"0.98102415","6.685808","-2.2493525"
"0.5177461","5.1002483","-1.7657237"
"-0.59974754","4.3903675","-0.96306765"
"-1.6059108","4.506486","-0.3250129"
"-2.3409307","5.2810106","-0.31902736"
"-2.7563248","6.740875","-0.7092823"
"-2.9161377","8.109161","-1.0199299"
"-2.4995465","9.439739","-1.7118542"
"-1.4748282","10.263344","-1.7196354"
"-0.59256494","10.40939","0.17238252"
"-0.54887074","10.381259","-0.6901286"
"-0.59495914","11.040861","-2.866458"
"-2.6886885","11.337144","-2.2930467"
"-4.208408","12.543222","-0.27353755"
"-2.705448","13.546991","0.3854665"
"-0.06584055","14.948797","-3.241749"
"-0.8750807","12.962208","-5.309142"
"-2.2379801","9.8683","-6.8067155"
"-1.4347254","7.913435","-6.583456"
"-2.4301147","8.151658","-4.5663414"
"-1.3694834","9.3343935","-4.6220064"
"0.6973112","10.536881","-4.7441106"
"0.19093758","12.219407","-3.750517"
"-0.91219085","13.623607","-4.1796775"
"-2.3265655","12.94485","-3.2513258"
"-2.0404584","9.8916445","-2.3319526"
"-1.4694413","7.0688806","-1.7735049"
"-0.9768343","5.3761797","-1.5568297"
"-0.8595184","4.7949877","-1.3096284"
"-0.7158663","4.770447","-1.0881647"
"-0.19812019","5.088876","-0.6823475"
"0.2681506","5.511452","-0.623091"
"0.29209262","6.793547","-0.6147113"
"0.22984336","8.517372","-0.5494693"
"0.16101007","9.831191","-0.6811504"
"0.054468088","9.794679","-0.52732295"
"0.60932434","8.899846","-2.3038206"
"-0.44232875","9.668983","-2.9041667"
"0.78290397","11.48319","-2.7605145"
"1.8656816","14.237719","0.260968"
"2.0470424","14.115016","0.6691794"
"-0.27473465","14.450204","-3.5272577"
"-1.9003977","13.980342","-5.5647235"
"0.8194155","11.568783","-6.427833"
"0.92655605","8.903438","-6.199785"
"0.06823475","8.756194","-4.907515"
"-0.6967127","9.514558","-3.86903"
"-1.4311341","10.158598","-3.027468"
"-1.939902","11.209054","-4.71957"
"-1.055843","12.644378","-5.459977"
"0.5494693","11.535862","-4.281431"
"1.340753","8.884883","-2.6282349"
"1.2354081","6.558317","-1.9117701"
"0.75956047","4.8907557","-1.5370775"
"-0.5231331","4.097078","-0.98820674"
"-1.7328035","4.0360255","-0.30645782"
"-2.505532","4.9536033","-0.34596214"
"-2.842516","6.449381","-0.8355764"
"-2.9903579","7.988254","-1.2539631"
"-2.4851813","9.526528","-1.5382746"
"-1.6968905","10.392631","-1.9165585"
"-1.4269443","10.642226","-0.8086416"
"-1.174356","10.408792","-0.27353755"
"-1.122282","10.489596","-2.44448"
"-1.8908207","10.945692","-2.6330233"
"-4.1545386","11.736976","-0.14185645"
"-4.3514614","13.169307","-0.14604631"
"-1.4742297","15.606604","-3.1226375"
"-0.81283146","13.663709","-5.1744685"
"-1.246182","10.971429","-7.216124"
"-1.6160861","8.939949","-7.4112515"
"-2.19249","8.051701","-5.5162406"
"-0.82899237","8.620323","-4.216788"
"1.4197617","9.76116","-4.043208"
"1.5358804","11.319786","-3.0693667"
"-0.25019407","11.936293","-4.2161894"
"-2.1679497","12.075156","-4.6166196"
"-2.345719","9.989208","-3.638588"
"-2.047641","7.3124905","-1.8698715"
"-1.6861166","5.7442884","-1.0384849"
"-1.2569559","5.2379146","-1.1941081"
"-0.74878657","5.173271","-1.192911"
"0.05207389","5.4091","-1.1486182"
"1.1450269","5.880758","-1.0606314"
"1.4466964","7.033566","-0.8242039"
"1.1456255","8.59698","-0.5141548"
"0.6039374","9.995792","-0.89543146"
"0.13946225","10.311827","-1.2030864"
"0.45549688","8.932767","-2.3385365"
"-0.9115923","8.556877","-2.7880478"
"-0.3309984","10.222044","-3.9965212"
"1.3862427","14.100053","-0.6841431"
"2.297835","14.563929","0.9923966"
"0.82899237","14.801554","-3.970185"
"-2.304419","15.039777","-6.987478"
"1.1575965","12.117653","-7.7308774"
"1.376666","9.487623","-5.8639984"
"1.6166847","7.9756846","-4.24492"
"0.51235914","7.727286","-2.622848"
"-1.283292","9.498397","-2.6102784"
"-2.540248","10.263344","-4.9158945"
"-2.6461914","11.930307","-5.8388596"
"-1.1318588","11.590929","-4.5160627"
"0.5374983","9.14585","-3.1334114"
"0.92176765","7.065888","-2.219425"
"0.4830302","5.5743003","-1.62686"
"0.16460137","4.771045","-1.2240356"
"-1.0755951","4.3239284","-0.7026982"
"-1.6873137","4.800973","-0.6015432"
"-2.2008698","5.844845","-0.801459"
"-2.7042508","7.543531","-1.2006922"
"-2.8233624","9.467272","-1.946486"
"-2.243367","10.682928","-2.3110032"
"-1.733402","11.277887","-0.9995792"
"-1.448492","10.185533","0.777517"
"-1.9231426","9.865308","-1.0648212"
"-1.477821","11.112088","-2.771887"
"-3.107674","11.533468","-1.228824"
"-4.1395745","12.620436","-0.24480712"
"-2.1188686","14.716559","-2.7862523"
"-0.45370123","13.600862","-5.507861"
"0.046088383","11.702858","-7.876325"
"-1.4000094","10.2178545","-8.028357"
"-2.1170728","9.679757","-6.045958"
"-1.5945383","9.259575","-3.9258924"
"1.5783775","9.649231","-3.3506854"
"1.38325","10.861895","-2.5755625"
"-0.7230489","11.902774","-4.679467"
"-2.1517887","11.791444","-4.687847"
"-2.0165164","9.5253315","-3.1800983"
"-1.5897499","7.328053","-1.7968484"
"-1.2300211","6.1836243","-1.4173675"
"-0.9307459","5.2875943","-1.4927847"
"-0.6835446","4.620809","-1.5251064"
"-0.2657564","4.7788267","-1.3485341"
"0.3196259","5.336077","-0.94690675"
"0.5201403","6.533178","-0.6584055"
"0.7152678","8.236652","-0.6991069"
"0.65242","9.657611","-1.5221137"
"0.5021838","9.774927","-1.2503718"
"0.825401","9.0081835","-2.0129251"
"-0.3890578","10.097546","-2.907758"
"0.8690952","12.150574","-3.333926"
"1.8884265","14.867992","0.026934769"
"1.7046716","15.253459","-1.1755531"
"-1.5310919","15.219341","-4.8817773"
"-1.9847932","13.810354","-6.6187706"
"2.4486697","12.859258","-7.2987237"
"2.7162218","9.39365","-5.1122193"
"1.6106992","6.3165026","-3.1693244"
"-0.17298107","7.1592617","-3.0202854"
"-2.2026656","10.175357","-3.454833"
"-3.0304608","11.051635","-4.9996915"
"-2.3397336","12.087128","-5.29777"
"-0.32321724","10.931327","-4.1611223"
"0.70509243","8.728063","-2.6443958"
"0.9355343","7.041347","-2.0602105"
"0.7469909","5.3528366","-1.6310499"
"-0.0712275","4.407127","-1.0923545"
"-1.0342951","4.3275194","-0.50637364"
"-1.8112136","5.163096","-0.55485624"
"-2.6569653","6.6391215","-0.7344214"
"-3.163339","7.9673047","-0.83856916"
"-3.1262288","9.139865","-1.0295067"
"-1.9913772","10.271125","-2.0961237"
"-0.9463082","10.718841","-1.2785037"
"-0.39504328","10.538078","-0.4369418"
"-0.33758244","10.716447","-2.4265234"
"-1.8806454","10.933721","-2.5061307"
"-4.679467","12.105682","-0.1945289"
"-4.2437224","12.989741","0.7727286"
"-1.2545617","14.806342","-1.6843209"
"-0.42078096","14.055161","-4.899135"
"-1.9973627","11.164163","-6.7522473"
"-1.4826094","8.797494","-7.4004774"
"-1.9973627","8.069058","-5.547964"
"-1.1330559","8.950723","-4.5256395"
"0.9498995","9.89344","-4.771644"
"1.2970588","11.572374","-3.9486372"
"0.16639702","12.4630165","-4.2874165"
"-1.3964181","11.760918","-3.9067385"
"-1.9333179","9.515156","-3.0370448"
"-1.7579426","7.267599","-2.2990322"
"-1.5448587","5.997475","-1.6675615"
"-1.2970588","5.276222","-1.3377602"
"-1.0384849","4.956596","-1.1917139"
"-0.52732295","5.37199","-0.98581254"
"0.1328782","5.8143187","-0.80804306"
"0.777517","6.6774287","-0.7009025"
"0.91458505","8.167819","-0.37229836"
"0.6937199","9.693524","-0.4997896"
"0.21188685","10.289082","-0.8996213"
"0.40761283","9.490616","-2.7575219"
"-0.54887074","9.1350765","-3.5643678"
"0.42197806","10.688315","-3.7924154"
"1.5753847","14.334085","-0.6997054"
"1.8543092","14.417883","1.1540052"
"-0.11372458","13.998299","-2.0991163"
"-2.3211784","14.4292555","-5.3582234"
"-0.110133275","12.187684","-6.8587894"
"2.0727801","10.906187","-7.216124"
"2.533664","9.273342","-6.0663085"
"1.4784195","7.7649946","-3.8253357"
"-0.76554596","8.392276","-2.344522"
"-2.2774844","9.150639","-3.6391866"
"-3.0142999","10.338761","-5.0020857"
"-2.098518","11.597513","-4.4759603"
"-0.46507367","10.110115","-3.4745853"
"0.82599956","8.087613","-2.5234885"
"0.93732995","6.7085533","-2.0614076"
"0.5398925","5.819107","-1.8285716"
"-0.6362591","5.5617304","-1.2036849"
"-1.429937","5.6335564","-0.82899237"
"-1.9674352","6.139332","-0.6985083"
"-2.553416","7.147889","-0.85173726"
"-3.0053217","7.7877398","-0.89064306"
"-2.7539306","8.565256","-1.447295"
"-1.6370354","9.572019","-2.3558946"
"-0.6955156","10.105327","-0.7882909"
"-0.7218518","10.295666","-0.39324763"
"-0.32680854","11.201273","-2.669535"
"-3.3303347","12.1523695","-2.4552538"
"-4.7560816","12.573749","-0.6075287"
"-3.4889505","13.925276","-0.2124854"
"-0.8900445","15.325884","-4.970961"
"0.3286042","14.553754","-6.88333"
"-2.9149406","10.812814","-7.6255326"
"-2.0296845","8.772954","-6.7965403"
"-1.6304513","8.063671","-4.258686"
"0.32142156","7.93199","-3.66253"
"1.7082629","9.328408","-3.8193502"
"0.37708676","11.187506","-3.6236243"
"-1.2216414","12.4151325","-4.7375264"
"-2.4905684","11.993155","-4.0240545"
"-2.396596","9.240421","-2.7060466"
"-1.7788919","6.770204","-1.8890251"
"-1.1695676","5.3965306","-1.4927847"
"-0.85891986","4.6830587","-1.3497312"
"-0.57041854","4.6603136","-0.9959879"
"-0.08559271","5.12838","-0.6805518"
"0.5638345","5.693412","-0.66738373"
"0.6051345","7.167641","-0.6919243"
"0.15023616","8.980052","-0.81642276"
"-0.2789245","10.466851","-1.6705543"
"-0.39564183","10.34774","-1.7717092"
"-0.19991584","9.452309","-2.307412"
"-0.82480246","9.268554","-2.8491"
"0.40102878","11.362283","-2.9777884"
"1.846528","14.042591","0.52253455"
"2.4319103","13.725958","0.60812724"
"0.091578215","14.532206","-4.048595"
"-2.0171149","13.849259","-5.2439003"
"0.0712275","12.064383","-6.967127"
"0.9995792","9.998785","-7.056311"
"1.8650831","8.0606785","-5.105635"
"0.7787141","7.575254","-2.1523874"
"-1.4766239","8.687361","-1.6178818"
"-2.8048072","10.287286","-4.585495"
"-2.5659857","12.199057","-5.597045"
"-0.50757074","11.452065","-4.1401734"
"0.88405895","9.018958","-2.7736826"
"1.1246762","7.1209545","-2.1775265"
"0.6039374","5.7921724","-1.608305"
"-0.34715924","5.1265845","-0.93134445"
"-1.2641385","4.7758336","-0.50517654"
"-1.8201919","4.8464627","-0.40402153"
"-2.4259248","6.1955953","-0.4758476"
"-3.0244753","7.9547353","-0.7613561"
"-3.1483753","9.895236","-1.5029601"
"-2.718616","11.004948","-2.0308816"
"-1.745373","10.893019","-0.7739257"
"-0.9032126","9.870096","-0.5033809"
"-0.25258827","10.209475","-1.8004397"
"-2.3930047","11.030087","-0.7978677"
"-5.2049947","12.602479","-0.008978256"
"-5.0397944","14.05995","-1.3706805"
"-1.4107834","15.555128","-3.4614172"
"-0.10654198","14.159308","-5.313332"
"-1.0965444","11.561002","-6.6103907"
"-1.2617443","8.985439","-6.329072"
"-1.401805","7.6644382","-5.3558292"
"-0.08678981","8.186374","-4.551976"
"1.4173675","10.118495","-4.0120835"
"1.7118542","11.678916","-3.9270895"
"-0.4177882","11.836933","-5.358822"
"-1.2401965","10.4883995","-2.1164744"
"-1.8201919","9.122507","-2.5785553"
"-1.9201498","7.3244615","-1.9931729"
"-2.0368671","5.9867015","-1.7076644"
"-1.8076223","5.171476","-1.435324"
"-1.134253","5.0679264","-1.0737995"
"-0.25139117","5.5324016","-0.8074445"
"0.6997054","5.732916","-0.736217"
"0.84455466","6.7229185","-0.4321534"
"0.8026561","8.185776","0.1592144"
"0.30825347","9.78989","-0.047285482"
